"NAF","HS4","weight"
"0116Z",1207,0.0983
"0116Z",5301,0.8757
"0116Z",5302,0.0169
"0116Z",5303,0.001
"0116Z",5201,0.0081
"0119Z",603,0.0288
"0119Z",1214,0.1465
"0119Z",1209,0.8247
"0121Z",806,1
"0122Z",807,0.1677
"0122Z",804,0.2745
"0122Z",803,0.2854
"0122Z",810,0.2724
"0124Z",809,0.1484
"0124Z",808,0.6732
"0124Z",810,0.1784
"0125Z",810,0.1494
"0125Z",801,0.014
"0125Z",1212,0.0062
"0125Z",1209,0.6478
"0125Z",802,0.1826
"0129Z",4001,0.7868
"0129Z",604,0.0928
"0129Z",1404,0.0831
"0129Z",1401,0.0373
"0126Z",1203,0.0001
"0126Z",801,0.0438
"0126Z",709,0.9561
"0127Z",1801,0.0146
"0127Z",902,0.0503
"0127Z",903,0.0022
"0127Z",901,0.933
"0149Z",5102,0.0019
"0149Z",407,0.2904
"0149Z",1521,0.0169
"0149Z",106,0.1203
"0149Z",307,0.4679
"0149Z",410,0.0082
"0149Z",4301,0.0088
"0149Z",409,0.0521
"0149Z",5001,0.0001
"0149Z",4103,0.0335
"0147Z",407,0.3802
"0147Z",105,0.6198
"0146Z",103,1
"0123Z",805,1
"0145Z",5101,0.3683
"0145Z",104,0.6317
"0144Z",106,1
"0143Z",101,1
"0142Z",511,0.0438
"0142Z",102,0.9562
"0141Z",102,1
"0130Z",601,0.0962
"0130Z",602,0.9038
"0150Z",708,0.0056
"0150Z",5303,0.0001
"0150Z",1205,0.0392
"0150Z",105,0.0155
"0150Z",1201,0.004
"0150Z",1202,0.0001
"0150Z",106,0.0039
"0150Z",101,0.0109
"0150Z",903,0.0001
"0150Z",5001,0.0001
"0150Z",2401,0.01
"0150Z",702,0.019
"0150Z",1521,0.0006
"0150Z",409,0.0017
"0150Z",307,0.0153
"0150Z",707,0.0009
"0150Z",4301,0.0003
"0150Z",5101,0.001
"0150Z",1204,0.0004
"0150Z",1206,0.0234
"0150Z",407,0.0095
"0150Z",5201,0.0002
"0150Z",5102,0.0001
"0150Z",4103,0.0011
"0150Z",511,0.0044
"0150Z",601,0.0009
"0150Z",1404,0.0005
"0150Z",602,0.008
"0150Z",603,0.0012
"0150Z",604,0.0006
"0150Z",701,0.035
"0150Z",703,0.0068
"0150Z",1401,0.0002
"0150Z",704,0.0053
"0150Z",705,0.0042
"0150Z",706,0.0025
"0150Z",1207,0.0028
"0150Z",709,0.0165
"0150Z",1214,0.0062
"0150Z",1212,0.0003
"0150Z",5301,0.0248
"0150Z",713,0.0076
"0150Z",714,0.0005
"0150Z",801,0.0008
"0150Z",802,0.0099
"0150Z",803,0.0085
"0150Z",1801,0.001
"0150Z",804,0.0081
"0150Z",805,0.007
"0150Z",5302,0.0005
"0150Z",806,0.0021
"0150Z",807,0.005
"0150Z",1211,0.003
"0150Z",808,0.0305
"0150Z",809,0.0067
"0150Z",810,0.0081
"0150Z",1203,0.0001
"0150Z",410,0.0003
"0150Z",901,0.0623
"0150Z",1210,0.0002
"0150Z",902,0.0034
"0150Z",904,0.0026
"0150Z",905,0.0047
"0150Z",906,0.0005
"0150Z",1213,0.0028
"0150Z",907,0.0001
"0150Z",102,0.0952
"0150Z",908,0.0002
"0150Z",4001,0.005
"0150Z",909,0.0003
"0150Z",910,0.0024
"0150Z",1001,0.2267
"0150Z",1002,0.0002
"0150Z",1209,0.0351
"0150Z",1003,0.0702
"0150Z",1004,0.0012
"0150Z",103,0.006
"0150Z",1005,0.089
"0150Z",1006,0.0029
"0150Z",1007,0.0019
"0150Z",104,0.0017
"0150Z",1008,0.0029
"0210Z",1209,0.8134
"0210Z",602,0.1866
"0220Z",4401,0.2613
"0220Z",4403,0.7387
"0128Z",908,0.0157
"0128Z",1212,0.0233
"0128Z",906,0.0326
"0128Z",910,0.1656
"0128Z",1211,0.2103
"0128Z",1210,0.0131
"0128Z",907,0.0083
"0128Z",909,0.0239
"0128Z",904,0.1816
"0128Z",905,0.3255
"0230Z",1301,0.5416
"0230Z",4501,0.0203
"0230Z",604,0.0462
"0230Z",4001,0.3919
"0311Z",306,0.1495
"0311Z",1212,0.0058
"0311Z",511,0.0756
"0311Z",308,0.0001
"0311Z",307,0.2651
"0311Z",106,0.0681
"0311Z",508,0.0028
"0311Z",7101,0.0063
"0311Z",302,0.3329
"0311Z",301,0.0939
"0312Z",306,0.1495
"0312Z",106,0.0681
"0312Z",511,0.0756
"0312Z",1212,0.0058
"0312Z",508,0.0028
"0312Z",7101,0.0063
"0312Z",302,0.3329
"0312Z",308,0.0001
"0312Z",307,0.2651
"0312Z",301,0.0939
"0321Z",508,0.0361
"0321Z",106,0.8822
"0321Z",7101,0.0816
"0322Z",508,0.0361
"0322Z",7101,0.0816
"0322Z",106,0.8822
"0112Z",1006,1
"0111Z",1002,0.0005
"0111Z",708,0.0116
"0111Z",713,0.016
"0111Z",1213,0.0058
"0111Z",1001,0.4745
"0111Z",1003,0.1469
"0111Z",1004,0.0026
"0111Z",1005,0.1862
"0111Z",1007,0.004
"0111Z",1008,0.006
"0111Z",1201,0.0083
"0111Z",1202,0.0001
"0111Z",1205,0.082
"0111Z",1207,0.0058
"0111Z",1206,0.049
"0111Z",1204,0.0007
"0113Z",701,0.2669
"0113Z",702,0.1446
"0113Z",1209,0.2673
"0113Z",807,0.0379
"0113Z",714,0.0041
"0113Z",707,0.0072
"0113Z",1212,0.0025
"0113Z",709,0.1259
"0113Z",706,0.0193
"0113Z",705,0.0322
"0113Z",704,0.0404
"0113Z",703,0.0517
"0114Z",1212,1
"0115Z",2401,1
"0892Z",2703,1
"0893Z",2501,1
"0510Z",2701,1
"0520Z",2702,1
"0891Z",2510,0.0373
"0891Z",2528,0.0032
"0891Z",2503,0.1365
"0891Z",2529,0.2756
"0891Z",2530,0.5314
"0891Z",2511,0.0105
"0891Z",2502,0.0055
"0812Z",2517,0.3851
"0812Z",2505,0.1685
"0812Z",2508,0.2795
"0812Z",2507,0.1669
"0811Z",2520,0.4459
"0811Z",2514,0.0907
"0811Z",2518,0.0255
"0811Z",2516,0.1024
"0811Z",2521,0.0563
"0811Z",2509,0.166
"0811Z",2515,0.0756
"0811Z",2506,0.0378
"0899Z",2504,0.0008
"0899Z",7102,0.4617
"0899Z",7103,0.3175
"0899Z",2512,0.0156
"0899Z",2714,0.0091
"0899Z",2621,0.0095
"0899Z",2530,0.0315
"0899Z",2529,0.0163
"0899Z",2525,0.0107
"0899Z",2524,0.0001
"0899Z",2519,0.0273
"0899Z",2526,0.0931
"0899Z",2513,0.0013
"0899Z",2506,0.0055
"0729Z",2613,0.0084
"0729Z",2606,0.0196
"0729Z",2603,0.0864
"0729Z",2610,0.0089
"0729Z",2614,0.0009
"0729Z",2605,0.0014
"0729Z",2611,0.0035
"0729Z",2602,0.1506
"0729Z",2604,0.0024
"0729Z",2609,0.0075
"0729Z",2608,0.6172
"0729Z",2607,0.0025
"0729Z",2617,0.0004
"0729Z",2616,0.0501
"0729Z",2615,0.0402
"0721Z",2612,1
"0710Z",2601,1
"0620Z",2711,1
"0610Z",2709,0.5188
"0610Z",2714,0.4812
"2651B",9014,0.0934
"2651B",8529,0.0785
"2651B",9012,0.0058
"2651B",9016,0.0003
"2651B",9026,0.1343
"2651B",9030,0.0664
"2651B",9029,0.029
"2651B",9028,0.0339
"2651B",9024,0.0045
"2651B",9017,0.0053
"2651B",9033,0.0065
"2651B",9031,0.1355
"2651B",9015,0.0444
"2651B",9027,0.1611
"2651B",9025,0.0186
"2651B",9032,0.1825
"2660Z",9018,0.4405
"2660Z",9022,0.1945
"2660Z",9021,0.365
"2670Z",9013,0.037
"2670Z",9031,0.1317
"2670Z",9029,0.0282
"2670Z",9027,0.1565
"2670Z",9015,0.0431
"2670Z",9011,0.0021
"2670Z",9010,0.0154
"2670Z",9008,0.0004
"2670Z",9007,0.0016
"2670Z",9006,0.0046
"2670Z",9005,0.0097
"2670Z",9002,0.0088
"2670Z",9001,0.039
"2670Z",9620,0.0001
"2670Z",8525,0.5218
"2680Z",8523,1
"2611Z",8534,0.0298
"2611Z",8540,0.024
"2611Z",8542,0.813
"2611Z",8541,0.1284
"2611Z",8522,0.0048
"2612Z",8523,0.7859
"2612Z",8534,0.2141
"2720Z",8506,0.1268
"2720Z",8507,0.8732
"2731Z",8544,0.8838
"2731Z",9001,0.1162
"2790Z",8544,0.3433
"2790Z",8533,0.033
"2790Z",8531,0.0626
"2790Z",8530,0.013
"2790Z",8547,0.0225
"2790Z",8504,0.2093
"2790Z",8505,0.0378
"2790Z",8545,0.0676
"2790Z",8546,0.0069
"2790Z",8535,0.0441
"2790Z",8543,0.0767
"2790Z",8515,0.0411
"2790Z",8548,0.0132
"2790Z",8532,0.0289
"2732Z",8544,1
"2733Z",8536,0.9009
"2733Z",3925,0.067
"2733Z",8547,0.0321
"2740Z",9405,0.3344
"2740Z",8539,0.1357
"2740Z",8512,0.5113
"2740Z",8513,0.0186
"2751Z",8418,0.2134
"2751Z",6301,0.0043
"2751Z",8450,0.007
"2751Z",8451,0.0363
"2751Z",8422,0.1184
"2751Z",8508,0.0366
"2751Z",8509,0.0677
"2751Z",8510,0.0146
"2751Z",8516,0.2011
"2751Z",8414,0.3007
"2752Z",7418,0.0119
"2752Z",7322,0.0209
"2752Z",8419,0.8911
"2752Z",7321,0.076
"2711Z",8502,0.1138
"2711Z",8504,0.3875
"2711Z",8501,0.3884
"2711Z",8503,0.1103
"2712Z",8537,0.2305
"2712Z",8536,0.5527
"2712Z",8538,0.1782
"2712Z",8535,0.0385
"2825Z",8415,0.0757
"2825Z",8421,0.301
"2825Z",8419,0.1632
"2825Z",8418,0.191
"2825Z",8414,0.2691
"2811Z",8409,0.0894
"2811Z",8411,0.6665
"2811Z",8502,0.0189
"2811Z",8410,0.0026
"2811Z",8407,0.0879
"2811Z",8408,0.1294
"2811Z",8406,0.0053
"2812Z",8413,0.4206
"2812Z",8481,0.4434
"2812Z",8412,0.136
"2813Z",8413,0.533
"2813Z",8414,0.467
"2814Z",8481,1
"2815Z",8483,0.4804
"2815Z",8482,0.4825
"2815Z",7315,0.0371
"2821Z",8417,0.293
"2821Z",8416,0.2139
"2821Z",8514,0.4931
"2822Z",8709,0.0251
"2822Z",8431,0.3816
"2822Z",8427,0.2456
"2822Z",8428,0.2122
"2822Z",8425,0.0727
"2822Z",8426,0.0627
"2823Z",8470,0.0202
"2823Z",8443,0.279
"2823Z",8473,0.6817
"2823Z",8472,0.0191
"2824Z",8467,1
"2829A",8422,0.4661
"2829A",8420,0.0074
"2829A",8423,0.0412
"2829A",9015,0.195
"2829A",9017,0.0233
"2829A",8424,0.253
"2829A",8476,0.014
"2829B",8424,0.0859
"2829B",8468,0.0027
"2829B",8405,0.0031
"2829B",8476,0.0048
"2829B",8422,0.1582
"2829B",8423,0.014
"2829B",8421,0.4496
"2829B",8420,0.0025
"2829B",8419,0.2438
"2829B",8484,0.0354
"2829B",8487,0.0001
"2830Z",8701,0.5626
"2830Z",8434,0.0121
"2830Z",8433,0.1607
"2830Z",8716,0.0963
"2830Z",8424,0.0686
"2830Z",8436,0.0247
"2830Z",8432,0.075
"2841Z",8459,0.0495
"2841Z",8458,0.0705
"2841Z",8457,0.0568
"2841Z",8456,0.0972
"2841Z",8466,0.4137
"2841Z",8462,0.2101
"2841Z",8461,0.0205
"2841Z",8460,0.0501
"2841Z",8463,0.0315
"2849Z",8465,0.0255
"2849Z",8464,0.0132
"2849Z",8466,0.149
"2849Z",8462,0.0757
"2849Z",8459,0.0178
"2849Z",8479,0.5437
"2849Z",8543,0.175
"2891Z",8454,0.2966
"2891Z",8455,0.7034
"2892Z",8429,0.0857
"2892Z",8479,0.0894
"2892Z",8430,0.0144
"2892Z",8701,0.1992
"2892Z",8431,0.105
"2892Z",8428,0.0584
"2892Z",8474,0.0208
"2892Z",8704,0.427
"2893Z",8438,0.0876
"2893Z",8479,0.273
"2893Z",8478,0.004
"2893Z",8437,0.0042
"2893Z",8435,0.0056
"2893Z",8434,0.0131
"2893Z",8421,0.388
"2893Z",8419,0.2104
"2893Z",8417,0.0141
"2895Z",8441,0.831
"2895Z",8439,0.169
"2896Z",8477,1
"2894Z",8445,0.0236
"2894Z",8447,0.0037
"2894Z",8448,0.0998
"2894Z",8450,0.012
"2894Z",8451,0.062
"2894Z",8452,0.0055
"2894Z",8453,0.004
"2894Z",8449,0.0237
"2894Z",8443,0.1887
"2894Z",8421,0.5752
"2894Z",8444,0.001
"2894Z",8446,0.0008
"2899A",8440,0.0132
"2899A",8442,0.0404
"2899A",8443,0.9464
"2910Z",8407,0.0485
"2910Z",8408,0.0713
"2910Z",8706,0.0013
"2910Z",8701,0.09
"2910Z",8702,0.0116
"2910Z",8703,0.5743
"2910Z",8704,0.1929
"2910Z",8705,0.0101
"2920Z",8609,0.1192
"2920Z",8716,0.5593
"2920Z",8707,0.3215
"2931Z",8544,0.5005
"2931Z",8512,0.2629
"2931Z",8511,0.2366
"2932Z",8708,0.9197
"2932Z",9401,0.0803
"3011Z",8905,0.0078
"3011Z",8901,0.9347
"3011Z",8906,0.0345
"3011Z",8907,0.0201
"3011Z",8902,0.0008
"3011Z",8904,0.0021
"3012Z",8903,1
"3020Z",8606,0.0102
"3020Z",8604,0.0334
"3020Z",8601,0.0247
"3020Z",8602,0.0059
"3020Z",8603,0.331
"3020Z",8607,0.5249
"3020Z",8605,0.0151
"3020Z",8608,0.0548
"3030Z",8801,0.0001
"3030Z",8412,0.0111
"3030Z",8407,0.0283
"3030Z",8805,0.0004
"3030Z",9401,0.0189
"3030Z",8803,0.1101
"3030Z",8409,0.0288
"3030Z",8802,0.5878
"3030Z",8411,0.2145
"3092Z",8512,0.7228
"3092Z",8714,0.1588
"3092Z",8713,0.0251
"3092Z",8712,0.0807
"3092Z",8715,0.0126
"3091Z",8711,0.6307
"3091Z",8714,0.3693
"3040Z",8710,1
"3099Z",8716,1
"3240Z",9503,0.7359
"3240Z",9504,0.2641
"1431Z",6115,1
"1520Z",6402,0.1471
"1520Z",6406,0.0196
"1520Z",6405,0.0423
"1520Z",6404,0.2982
"1520Z",6403,0.4754
"1520Z",6401,0.0174
"1512Z",4202,0.9227
"1512Z",4205,0.0283
"1512Z",9113,0.0403
"1512Z",4201,0.0084
"1512Z",9605,0.0002
"1310Z",5205,0.0133
"1310Z",5101,0.0196
"1310Z",5110,0.0001
"1310Z",1505,0.0015
"1310Z",5004,0.0004
"1310Z",5005,0.0002
"1310Z",5006,0.0007
"1310Z",5511,0.0082
"1310Z",5510,0.0124
"1310Z",5509,0.0317
"1310Z",5508,0.0062
"1310Z",5506,0.0251
"1310Z",5403,0.0028
"1310Z",5402,0.2568
"1310Z",5401,0.0067
"1310Z",5308,0.0001
"1310Z",5307,0.0004
"1310Z",5306,0.0139
"1310Z",5303,0.0006
"1310Z",5302,0.0097
"1310Z",5002,0.0001
"1310Z",5301,0.5036
"1310Z",5207,0.0346
"1310Z",5206,0.0056
"1310Z",5204,0.004
"1310Z",5202,0.0162
"1310Z",5203,0.0025
"1310Z",5109,0.0035
"1310Z",5108,0.0008
"1310Z",5107,0.0032
"1310Z",5106,0.0035
"1310Z",5105,0.0026
"1310Z",5103,0.0011
"1310Z",5406,0.0013
"1310Z",5507,0.0066
"1310Z",5104,0.0002
"1310Z",5305,0.0003
"1320Z",5512,0.0778
"1320Z",5211,0.034
"1320Z",5210,0.0117
"1320Z",5209,0.0299
"1320Z",5208,0.0494
"1320Z",5311,0.0005
"1320Z",5408,0.0299
"1320Z",5407,0.1565
"1320Z",5007,0.0357
"1320Z",5801,0.0255
"1320Z",5111,0.0147
"1320Z",5113,0.0002
"1320Z",5802,0.0011
"1320Z",7019,0.3364
"1320Z",5803,0.0004
"1320Z",5212,0.0188
"1320Z",5310,0.0001
"1320Z",5309,0.016
"1320Z",5112,0.0192
"1320Z",5513,0.0176
"1320Z",5514,0.0179
"1320Z",5515,0.0572
"1320Z",5516,0.0495
"1391Z",6005,0.0001
"1391Z",6006,0.0001
"1391Z",6004,0.0001
"1391Z",6001,0.041
"1391Z",6002,0.9551
"1391Z",4304,0.0039
"1391Z",6003,0.0001
"1392Z",5805,0.0016
"1392Z",6301,0.032
"1392Z",6302,0.2885
"1392Z",6303,0.0745
"1392Z",6304,0.0324
"1392Z",6305,0.0337
"1392Z",6306,0.1083
"1392Z",6307,0.2442
"1392Z",8804,0.0262
"1392Z",9404,0.1478
"1392Z",6308,0.0107
"1393Z",5703,0.5663
"1393Z",5704,0.147
"1393Z",5705,0.1547
"1393Z",5701,0.0313
"1393Z",5702,0.1008
"1394Z",5607,0.5839
"1394Z",6310,0.0502
"1394Z",5609,0.1479
"1394Z",5608,0.218
"1395Z",5603,1
"1396Z",5908,0.0003
"1396Z",5910,0.0107
"1396Z",5907,0.0217
"1396Z",5909,0.0299
"1396Z",5911,0.1906
"1396Z",5903,0.3374
"1396Z",5902,0.0278
"1396Z",5901,0.0121
"1396Z",5808,0.0473
"1396Z",5807,0.0537
"1396Z",5806,0.1875
"1396Z",5809,0.0057
"1396Z",5604,0.0545
"1396Z",5605,0.0207
"1399Z",5601,0.1832
"1399Z",5810,0.0976
"1399Z",5602,0.0994
"1399Z",5811,0.0115
"1399Z",5804,0.154
"1399Z",9616,0.4
"1399Z",5606,0.0543
"1411Z",4203,1
"1412Z",6204,0.5465
"1412Z",6211,0.2439
"1412Z",6203,0.2096
"1413Z",6202,0.1309
"1413Z",6201,0.074
"1413Z",6101,0.012
"1413Z",6102,0.0216
"1413Z",6309,0.0205
"1413Z",6204,0.3981
"1413Z",6103,0.0199
"1413Z",6104,0.1704
"1413Z",6203,0.1527
"1414Z",6206,0.1372
"1414Z",6105,0.0804
"1414Z",6205,0.0754
"1414Z",6108,0.0856
"1414Z",6207,0.0029
"1414Z",6107,0.0329
"1414Z",6106,0.0405
"1414Z",6208,0.0167
"1414Z",6109,0.3836
"1414Z",6212,0.1447
"1419Z",6504,0.0024
"1419Z",6215,0.0168
"1419Z",6217,0.0245
"1419Z",6506,0.0513
"1419Z",6117,0.0154
"1419Z",6112,0.0561
"1419Z",6114,0.0766
"1419Z",6116,0.0236
"1419Z",6111,0.0562
"1419Z",6502,0.0001
"1419Z",4203,0.157
"1419Z",6507,0.0025
"1419Z",6209,0.0196
"1419Z",6210,0.104
"1419Z",6211,0.2061
"1419Z",6216,0.0089
"1419Z",6501,0.0001
"1419Z",6213,0.0023
"1419Z",6505,0.0316
"1419Z",6113,0.0126
"1419Z",6214,0.1327
"1420Z",4303,1
"1511Z",4115,0.0001
"1511Z",4302,0.0154
"1511Z",4112,0.0001
"1511Z",4114,0.0001
"1511Z",4104,0.7522
"1511Z",4105,0.105
"1511Z",4106,0.0083
"1511Z",4113,0.0001
"1511Z",4107,0.1192
"1439Z",6110,1
"1722Z",4823,0.1752
"1722Z",4818,0.7554
"1722Z",5601,0.0694
"1722Z",9619,0.0001
"1610A",4409,0.0474
"1610A",4407,0.3905
"1610A",4406,0.0497
"1610A",4404,0.0125
"1610A",4403,0.3686
"1610A",4401,0.1304
"1610A",4405,0.0009
"1621Z",4410,0.3894
"1621Z",4412,0.182
"1621Z",4408,0.0947
"1621Z",4411,0.3279
"1621Z",4413,0.006
"1622Z",4418,1
"1623Z",9406,0.6565
"1623Z",4418,0.3435
"1624Z",4416,0.7858
"1624Z",4415,0.2142
"1629Z",6603,0.0022
"1629Z",4504,0.1893
"1629Z",4503,0.0635
"1629Z",4501,0.0113
"1629Z",9614,0.0045
"1629Z",4417,0.0099
"1629Z",4502,0.0001
"1629Z",4419,0.0262
"1629Z",4420,0.07
"1629Z",4421,0.2015
"1629Z",4414,0.0388
"1629Z",4401,0.3238
"1629Z",4602,0.0221
"1629Z",4601,0.0367
"1711Z",4703,0.5995
"1711Z",4704,0.0205
"1711Z",4701,0.0029
"1711Z",4705,0.0079
"1711Z",4702,0.3009
"1711Z",4706,0.0682
"1712Z",4809,0.0031
"1712Z",4808,0.0333
"1712Z",4806,0.0661
"1712Z",4805,0.1921
"1712Z",4804,0.0807
"1712Z",4802,0.09
"1712Z",4801,0.0846
"1712Z",4811,0.2032
"1712Z",4807,0.0039
"1712Z",4813,0.0589
"1712Z",4803,0.032
"1712Z",4810,0.1522
"1721A",4819,0.8066
"1721A",4808,0.1934
"1721B",4819,1
"1721C",4819,1
"1723Z",4820,0.3835
"1723Z",4823,0.5034
"1723Z",4817,0.1003
"1723Z",4816,0.0128
"1724Z",4814,0.8637
"1724Z",5905,0.1363
"1729Z",4813,0.4225
"1729Z",4823,0.3169
"1729Z",4812,0.0112
"1729Z",4822,0.0142
"1729Z",4821,0.2353
"1813Z",8442,1
"2059Z",3813,0.0013
"2059Z",3824,0.0001
"2059Z",3815,0.1159
"2059Z",3812,0.009
"2059Z",3811,0.268
"2059Z",3820,0.0057
"2059Z",3810,0.0078
"2059Z",3809,0.0362
"2059Z",3802,0.008
"2059Z",3707,0.0279
"2059Z",3703,0.0013
"2059Z",3702,0.0036
"2059Z",3701,0.0151
"2059Z",3502,0.0082
"2059Z",3501,0.0235
"2059Z",3403,0.1022
"2059Z",3215,0.0684
"2059Z",1518,0.0046
"2059Z",3503,0.0167
"2059Z",3504,0.0359
"2059Z",3817,0.0048
"2059Z",3818,0.0474
"2059Z",3826,0.0001
"2059Z",3822,0.1492
"2059Z",3821,0.0332
"2059Z",3819,0.0047
"2059Z",3407,0.0014
"2041Z",1520,0.0258
"2041Z",3402,0.6506
"2041Z",3401,0.0464
"2041Z",3404,0.0264
"2041Z",3405,0.0192
"2041Z",3307,0.2315
"2042Z",3304,0.5563
"2042Z",3401,0.0091
"2042Z",3307,0.0455
"2042Z",3306,0.0103
"2042Z",3305,0.058
"2042Z",3303,0.3208
"2051Z",3605,0.0018
"2051Z",3601,0.1029
"2051Z",3602,0.0724
"2051Z",3604,0.3351
"2051Z",3603,0.4878
"2052Z",3505,0.337
"2052Z",3503,0.1223
"2052Z",3501,0.1724
"2052Z",3506,0.3682
"2020Z",3808,1
"2060Z",5403,0.0072
"2060Z",5405,0.0002
"2060Z",5504,0.0112
"2060Z",5503,0.1753
"2060Z",5402,0.6527
"2060Z",5501,0.0876
"2060Z",5404,0.0277
"2060Z",5502,0.0381
"2017Z",4002,1
"2030Z",3214,0.1724
"2030Z",3814,0.0209
"2030Z",3207,0.0303
"2030Z",3209,0.1452
"2030Z",3215,0.2485
"2030Z",3213,0.0273
"2030Z",3211,0.0082
"2030Z",3210,0.0069
"2030Z",3208,0.2964
"2030Z",3212,0.0438
"2011Z",2811,0.318
"2011Z",2804,0.682
"2011Z",2853,0.0001
"2012Z",3202,0.0634
"2012Z",3205,0.0041
"2012Z",2825,0.1259
"2012Z",3206,0.2542
"2012Z",2819,0.0049
"2012Z",2817,0.0081
"2012Z",2822,0.0003
"2012Z",2823,0.1008
"2012Z",2820,0.0106
"2012Z",2824,0.0008
"2012Z",3203,0.0544
"2012Z",2821,0.0207
"2012Z",3201,0.0183
"2012Z",3204,0.3335
"2013A",2844,0.7558
"2013A",8401,0.2442
"2013B",2841,0.0033
"2013B",2828,0.0089
"2013B",2829,0.0196
"2013B",2818,0.14
"2013B",2816,0.0014
"2013B",2815,0.1148
"2013B",2826,0.0021
"2013B",2813,0.0114
"2013B",2812,0.0055
"2013B",2811,0.0778
"2013B",2806,0.0021
"2013B",2601,0.0032
"2013B",2805,0.0256
"2013B",2801,0.0073
"2013B",2804,0.1669
"2013B",2830,0.0012
"2013B",2831,0.0003
"2013B",2832,0.0032
"2013B",2833,0.0186
"2013B",2834,0.0079
"2013B",2835,0.0531
"2013B",2836,0.0802
"2013B",2837,0.0011
"2013B",2839,0.0068
"2013B",2840,0.0028
"2013B",2842,0.01
"2013B",2846,0.0223
"2013B",2843,0.0137
"2013B",2845,0.0065
"2013B",2849,0.0078
"2013B",2825,0.0515
"2013B",2852,0.0001
"2013B",2853,0.0001
"2013B",2802,0.0003
"2013B",7104,0.0078
"2013B",2809,0.0052
"2013B",2803,0.0301
"2013B",2847,0.0196
"2013B",2807,0.0051
"2013B",2810,0.0007
"2013B",2503,0.0029
"2013B",2850,0.0034
"2013B",2827,0.0481
"2014Z",2932,0.0211
"2014Z",2904,0.0032
"2014Z",2931,0.0018
"2014Z",3806,0.0047
"2014Z",3805,0.0009
"2014Z",2207,0.045
"2014Z",3804,0.0007
"2014Z",2930,0.0363
"2014Z",3823,0.198
"2014Z",2913,0.0001
"2014Z",2929,0.0114
"2014Z",2926,0.0226
"2014Z",3802,0.005
"2014Z",2925,0.0105
"2014Z",2924,0.013
"2014Z",2942,0.0033
"2014Z",2922,0.0292
"2014Z",2921,0.0387
"2014Z",2920,0.0049
"2014Z",2919,0.0012
"2014Z",2918,0.017
"2014Z",2917,0.0161
"2014Z",2916,0.0348
"2014Z",2915,0.0157
"2014Z",2914,0.0157
"2014Z",2912,0.0083
"2014Z",2906,0.0038
"2014Z",2910,0.0133
"2014Z",3507,0.0256
"2014Z",2905,0.0443
"2014Z",2928,0.0023
"2014Z",2909,0.0409
"2014Z",2907,0.0144
"2014Z",2908,0.0001
"2014Z",2903,0.0203
"2014Z",4402,0.0005
"2014Z",2902,0.0397
"2014Z",3803,0.0002
"2014Z",3807,0.0005
"2014Z",2901,0.0279
"2014Z",2707,0.0391
"2014Z",2927,0.0004
"2014Z",2911,0.0002
"2014Z",2939,0.0049
"2014Z",2934,0.0191
"2014Z",2933,0.1434
"2015Z",2827,0.2039
"2015Z",2814,0.0661
"2015Z",2808,0.0263
"2015Z",3101,0.0559
"2015Z",3105,0.1781
"2015Z",3104,0.0281
"2015Z",3103,0.0069
"2015Z",3102,0.4014
"2015Z",2834,0.0334
"2053Z",3301,0.1813
"2053Z",3302,0.8187
"2016Z",3901,0.1911
"2016Z",3902,0.1732
"2016Z",3910,0.0326
"2016Z",3907,0.0851
"2016Z",3908,0.0676
"2016Z",3909,0.0304
"2016Z",3911,0.0467
"2016Z",3905,0.0079
"2016Z",3912,0.0104
"2016Z",3904,0.1242
"2016Z",3906,0.1223
"2016Z",3914,0.0123
"2016Z",3913,0.0194
"2016Z",3903,0.0768
"2110Z",2939,0.0059
"2110Z",2918,0.0204
"2110Z",2922,0.0352
"2110Z",2923,0.0041
"2110Z",2924,0.0157
"2110Z",3002,0.5473
"2110Z",2940,0.0066
"2110Z",2932,0.0254
"2110Z",2933,0.1725
"2110Z",3001,0.0403
"2110Z",2934,0.0229
"2110Z",2935,0.0219
"2110Z",2936,0.041
"2110Z",2937,0.0191
"2110Z",2938,0.0107
"2110Z",2941,0.0108
"2120Z",3003,0.0137
"2120Z",3002,0.1982
"2120Z",3824,0.0001
"2120Z",3004,0.759
"2120Z",3005,0.0111
"2120Z",3006,0.018
"2211Z",4006,0.0259
"2211Z",4012,0.0557
"2211Z",4011,0.9149
"2211Z",4013,0.0035
"2219Z",4008,0.0691
"2219Z",4005,0.1697
"2219Z",5906,0.0112
"2219Z",4014,0.0409
"2219Z",6406,0.0289
"2219Z",4003,0.0021
"2219Z",4006,0.0277
"2219Z",4010,0.0759
"2219Z",4016,0.4509
"2219Z",4015,0.0213
"2219Z",4017,0.003
"2219Z",4009,0.0985
"2219Z",4007,0.0009
"2221Z",3916,0.0293
"2221Z",3921,0.2802
"2221Z",3917,0.2451
"2221Z",3920,0.4453
"2222Z",3923,1
"2223Z",5904,0.0054
"2223Z",3922,0.0941
"2223Z",3918,0.4542
"2223Z",3925,0.4464
"2229B",9405,0.1683
"2229B",3924,0.0571
"2229B",3919,0.1431
"2229B",6506,0.0384
"2229B",9615,0.0043
"2229B",3926,0.5733
"2229B",9619,0.0001
"2229B",6406,0.0156
"2311Z",7003,0.2406
"2311Z",7005,0.7579
"2311Z",7004,0.0015
"2312Z",7009,0.2459
"2312Z",7006,0.0467
"2312Z",7008,0.0574
"2312Z",7007,0.65
"2313Z",7020,0.038
"2313Z",7010,0.5055
"2313Z",7013,0.4564
"2314Z",7019,1
"2319Z",7015,0.0097
"2319Z",7020,0.0299
"2319Z",7001,0.0078
"2319Z",9405,0.4232
"2319Z",7017,0.0091
"2319Z",7016,0.0058
"2319Z",7011,0.0018
"2319Z",7018,0.0301
"2319Z",7010,0.3976
"2319Z",7002,0.0369
"2319Z",8546,0.0247
"2319Z",7014,0.0235
"2320Z",3816,0.1427
"2320Z",6815,0.5929
"2320Z",6902,0.1929
"2320Z",6903,0.0614
"2320Z",6901,0.0101
"2331Z",6907,1
"2332Z",6905,0.8606
"2332Z",6904,0.1146
"2332Z",6906,0.0248
"2341Z",6911,0.5251
"2341Z",6913,0.1411
"2341Z",6912,0.3338
"2342Z",6910,1
"2343Z",8546,0.2338
"2343Z",8547,0.7662
"2344Z",8505,0.7151
"2344Z",6909,0.2849
"2349Z",6914,0.1906
"2349Z",6909,0.8094
"2351Z",2523,1
"2352Z",2518,0.0187
"2352Z",2522,0.6539
"2352Z",2520,0.3274
"2361Z",6810,0.2981
"2361Z",9406,0.7019
"2362Z",6809,1
"2363Z",3824,1
"2364Z",3824,1
"2365Z",6808,0.4635
"2365Z",6811,0.5365
"2369Z",6809,0.2829
"2369Z",6810,0.7171
"2370Z",6803,0.0225
"2370Z",6802,0.8479
"2370Z",6801,0.1296
"2391Z",6804,0.3161
"2391Z",6805,0.6839
"2399Z",2517,0.0827
"2399Z",2818,0.2408
"2399Z",6815,0.356
"2399Z",3801,0.1149
"2399Z",6814,0.0046
"2399Z",6807,0.0632
"2399Z",6806,0.094
"2399Z",2715,0.0098
"2399Z",6813,0.0333
"2399Z",6812,0.0008
"2451Z",7307,0.6358
"2451Z",7303,0.3642
"2511Z",7610,0.2041
"2511Z",9406,0.1987
"2511Z",7308,0.5971
"2512Z",7610,0.2548
"2512Z",7308,0.7452
"2521Z",7322,0.0642
"2521Z",8403,0.9358
"2529Z",7611,0.0477
"2529Z",7309,0.4268
"2529Z",7613,0.1607
"2529Z",7311,0.3648
"2530Z",8404,0.063
"2530Z",8401,0.8258
"2530Z",8402,0.1112
"2540Z",9301,0.1877
"2540Z",9304,0.0332
"2540Z",9303,0.0257
"2540Z",9620,0.0001
"2540Z",9305,0.1261
"2540Z",9306,0.6252
"2540Z",9302,0.0021
"2572Z",8301,0.2916
"2572Z",8302,0.7084
"2573A",8480,1
"2573B",8208,0.0915
"2573B",8201,0.0262
"2573B",8207,0.4576
"2573B",8205,0.225
"2573B",8203,0.0422
"2573B",8202,0.0497
"2573B",8204,0.0456
"2573B",8209,0.0411
"2573B",8206,0.0212
"2591Z",7310,1
"2592Z",7310,0.2775
"2592Z",7612,0.2452
"2592Z",8309,0.4773
"2593Z",7319,0.0027
"2593Z",7419,0.1152
"2593Z",7320,0.1249
"2593Z",7415,0.0185
"2593Z",7614,0.0066
"2593Z",7413,0.0349
"2593Z",7616,0.4207
"2593Z",7315,0.0813
"2593Z",7314,0.0459
"2593Z",7312,0.0861
"2593Z",7317,0.0144
"2593Z",8311,0.0477
"2593Z",7313,0.0011
"2594Z",7318,0.9783
"2594Z",7415,0.0217
"2599A",8210,0.0357
"2599A",7324,0.0352
"2599A",7418,0.0265
"2599A",7615,0.486
"2599A",7323,0.4166
"2599B",8305,0.0039
"2599B",8306,0.0074
"2599B",7419,0.0493
"2599B",8505,0.0638
"2599B",7316,0.0015
"2599B",8307,0.0371
"2599B",8007,0.01
"2599B",8308,0.0547
"2599B",9615,0.005
"2599B",7508,0.0249
"2599B",8487,0.0001
"2599B",7806,0.0027
"2599B",8304,0.0014
"2599B",7616,0.1801
"2599B",7907,0.0093
"2599B",8310,0.004
"2599B",7326,0.4572
"2599B",8303,0.0078
"2599B",7325,0.0799
"2410Z",7216,0.0135
"2410Z",7202,0.0231
"2410Z",7201,0.0068
"2410Z",7203,0.0005
"2410Z",7204,0.1464
"2410Z",7205,0.0062
"2410Z",7206,0.0007
"2410Z",7207,0.0365
"2410Z",7208,0.168
"2410Z",7209,0.0181
"2410Z",7210,0.1298
"2410Z",7211,0.0088
"2410Z",7212,0.0128
"2410Z",7213,0.0274
"2410Z",7214,0.0305
"2410Z",7218,0.0044
"2410Z",7219,0.0812
"2410Z",7220,0.0203
"2410Z",7222,0.0246
"2410Z",7224,0.0242
"2410Z",7225,0.1408
"2410Z",7226,0.0179
"2410Z",7227,0.0044
"2410Z",7228,0.0264
"2410Z",7301,0.0007
"2410Z",7302,0.0119
"2410Z",7221,0.0141
"2420Z",7304,0.5116
"2420Z",7306,0.1957
"2420Z",7307,0.2163
"2420Z",7305,0.0764
"2431Z",7222,0.3225
"2431Z",7216,0.1776
"2431Z",7215,0.1535
"2431Z",7228,0.3464
"2432Z",7226,0.2988
"2432Z",7211,0.1471
"2432Z",7220,0.3397
"2432Z",7212,0.2144
"2433Z",7308,0.5261
"2433Z",7222,0.3056
"2433Z",7216,0.1683
"2434Z",7223,0.256
"2434Z",7229,0.1148
"2434Z",7217,0.6292
"2441Z",7107,0.0052
"2441Z",7106,0.0691
"2441Z",7110,0.0807
"2441Z",7108,0.7543
"2441Z",7115,0.0894
"2441Z",7111,0.0011
"2441Z",7109,0.0004
"2442Z",7608,0.0101
"2442Z",7609,0.0081
"2442Z",7601,0.1558
"2442Z",7603,0.0054
"2442Z",2818,0.0962
"2442Z",7604,0.0946
"2442Z",7605,0.0435
"2442Z",7606,0.504
"2442Z",7607,0.0822
"2443Z",8001,0.0204
"2443Z",7901,0.4079
"2443Z",7903,0.0046
"2443Z",7905,0.3176
"2443Z",7804,0.0321
"2443Z",8003,0.0163
"2443Z",7801,0.1983
"2443Z",7904,0.0028
"2444Z",7402,0.0027
"2444Z",7408,0.4105
"2444Z",7410,0.0109
"2444Z",7407,0.2222
"2444Z",7403,0.1337
"2444Z",7411,0.0349
"2444Z",7409,0.1008
"2444Z",7412,0.0695
"2444Z",7405,0.0013
"2444Z",7401,0.0023
"2444Z",7406,0.0112
"2445Z",8112,0.1238
"2445Z",8106,0.0019
"2445Z",8113,0.0194
"2445Z",7501,0.0006
"2445Z",8111,0.0046
"2445Z",8110,0.0005
"2445Z",8107,0.0014
"2445Z",7507,0.0608
"2445Z",8103,0.0073
"2445Z",8105,0.0526
"2445Z",8104,0.0095
"2445Z",7502,0.0569
"2445Z",8109,0.1079
"2445Z",7505,0.254
"2445Z",8101,0.0317
"2445Z",7506,0.0428
"2445Z",7504,0.0145
"2445Z",8102,0.0032
"2445Z",8108,0.2065
"2446Z",2844,1
"2452Z",7307,1
"3102Z",9401,0.5147
"3102Z",9403,0.4853
"3101Z",9401,0.5147
"3101Z",9403,0.4853
"3250A",8419,0.1237
"3250A",9025,0.0141
"3250A",9021,0.2398
"3250A",3006,0.0533
"3250A",8421,0.2282
"3250A",9402,0.0091
"3250A",6307,0.0225
"3250A",9018,0.2894
"3250A",9019,0.02
"3250B",9001,0.4058
"3250B",9004,0.3855
"3250B",9003,0.2087
"3291Z",9603,1
"3299Z",9612,0.0748
"3299Z",9613,0.1212
"3299Z",3606,0.0016
"3299Z",6704,0.0033
"3299Z",6702,0.0033
"3299Z",9610,0.0039
"3299Z",4203,0.2433
"3299Z",3406,0.0252
"3299Z",9616,0.0734
"3299Z",9602,0.0126
"3299Z",9607,0.012
"3299Z",9617,0.0035
"3299Z",4905,0.0032
"3299Z",9608,0.1617
"3299Z",6603,0.0004
"3299Z",9609,0.0236
"3299Z",9020,0.0386
"3299Z",9614,0.0008
"3299Z",9604,0.0004
"3299Z",9618,0.0111
"3299Z",9611,0.0011
"3299Z",4206,0.0015
"3299Z",4421,0.0346
"3299Z",6703,0.0003
"3299Z",6602,0.002
"3299Z",9023,0.031
"3299Z",9601,0.0004
"3299Z",6506,0.0795
"3299Z",9606,0.0108
"3299Z",6601,0.0087
"3299Z",9505,0.0123
"3103Z",9404,1
"3109A",9401,1
"3109B",9403,0.4853
"3109B",9401,0.5147
"3211Z",7118,1
"3212Z",7105,0.0006
"3212Z",7103,0.0409
"3212Z",7115,0.0173
"3212Z",7116,0.0053
"3212Z",7104,0.0028
"3212Z",7102,0.0595
"3212Z",7101,0.0009
"3212Z",7114,0.0059
"3212Z",7113,0.8213
"3212Z",9113,0.0456
"3213Z",9113,0.412
"3213Z",7117,0.588
"3220Z",9201,0.0446
"3220Z",9206,0.032
"3220Z",9202,0.0761
"3220Z",9205,0.4476
"3220Z",9207,0.1338
"3220Z",9208,0.0097
"3220Z",9209,0.2562
"3230Z",9506,0.1987
"3230Z",4203,0.1503
"3230Z",6403,0.4839
"3230Z",6402,0.1498
"3230Z",9507,0.0174
"2571Z",8212,0.342
"2571Z",8213,0.0636
"2571Z",9307,0.0282
"2571Z",8215,0.2269
"2571Z",8211,0.2696
"2571Z",8214,0.0696
"1103Z",2206,1
"1104Z",2205,1
"1105Z",2303,0.1872
"1105Z",2202,0.5476
"1105Z",2203,0.2652
"1106Z",1107,1
"1107A",2201,1
"1107B",2202,1
"1071B",1905,1
"1200Z",2401,0.4281
"1200Z",2403,0.5006
"1200Z",2402,0.0713
"1011Z",1502,0.032
"1011Z",1501,0.0294
"1011Z",5101,0.0061
"1011Z",4103,0.007
"1011Z",202,0.0288
"1011Z",510,0.0029
"1011Z",4101,0.0039
"1011Z",4102,0.0076
"1011Z",206,0.0829
"1011Z",209,0.0063
"1011Z",203,0.3017
"1011Z",204,0.0283
"1011Z",502,0.0001
"1011Z",205,0.0086
"1011Z",511,0.0279
"1011Z",507,0.0001
"1011Z",506,0.0043
"1011Z",504,0.0393
"1011Z",208,0.0207
"1011Z",201,0.362
"1012Z",6701,0.0033
"1012Z",1501,0.073
"1012Z",505,0.0584
"1012Z",207,0.8497
"1012Z",209,0.0157
"1013A",2301,0.1484
"1013A",210,0.0781
"1013A",1601,0.2217
"1013A",1602,0.5519
"1013B",1602,0.648
"1013B",1601,0.2603
"1013B",210,0.0917
"1020Z",303,0.1163
"1020Z",1604,0.1092
"1020Z",1605,0.0803
"1020Z",511,0.0411
"1020Z",302,0.1811
"1020Z",308,0.0001
"1020Z",2301,0.0794
"1020Z",307,0.1442
"1020Z",306,0.0813
"1020Z",305,0.047
"1020Z",304,0.1201
"1031Z",2005,0.3731
"1031Z",712,0.0566
"1031Z",1105,0.0065
"1031Z",710,0.2165
"1031Z",2004,0.3474
"1032Z",2009,1
"1039A",712,0.0528
"1039A",2005,0.3482
"1039A",710,0.2021
"1039A",2001,0.0087
"1039A",711,0.0027
"1039A",2002,0.0281
"1039A",2003,0.0235
"1039A",2004,0.3242
"1039A",2308,0.0096
"1039B",813,0.0674
"1039B",804,0.1027
"1039B",803,0.1068
"1039B",806,0.0262
"1039B",814,0.0013
"1039B",2008,0.2436
"1039B",2007,0.2755
"1039B",801,0.0096
"1039B",802,0.1246
"1039B",812,0.0011
"1039B",811,0.0316
"1039B",1202,0.0004
"1039B",2308,0.0093
"1041A",1508,0.0083
"1041A",2306,0.0886
"1041A",1506,0.0329
"1041A",1515,0.1431
"1041A",1514,0.1683
"1041A",1513,0.0114
"1041A",1503,0.0025
"1041A",1512,0.3493
"1041A",1510,0.0017
"1041A",1511,0.0063
"1041A",1509,0.0499
"1041A",1507,0.04
"1041A",1504,0.0479
"1041A",1404,0.0082
"1041A",1208,0.0015
"1041A",2305,0.0001
"1041A",2304,0.0402
"1041B",1514,0.1965
"1041B",1511,0.0073
"1041B",1507,0.0467
"1041B",1508,0.0097
"1041B",1522,0.0071
"1041B",1510,0.002
"1041B",1512,0.4079
"1041B",1513,0.0133
"1041B",1515,0.1671
"1041B",1521,0.0099
"1041B",1509,0.0582
"1041B",1516,0.0744
"1042Z",1517,1
"1051A",401,0.5577
"1051A",403,0.4423
"1051B",405,1
"1051C",406,1
"1051D",402,0.3845
"1051D",404,0.2483
"1051D",3501,0.0997
"1051D",1702,0.2675
"1052Z",2105,1
"1061A",1101,0.0439
"1061A",1106,0.0076
"1061A",1901,0.9074
"1061A",1102,0.0128
"1061A",2302,0.0283
"1061B",1103,0.1085
"1061B",1904,0.7016
"1061B",1106,0.0295
"1061B",1006,0.0946
"1061B",1104,0.0659
"1062Z",1109,0.1542
"1062Z",1108,0.1222
"1062Z",3505,0.2057
"1062Z",1515,0.0887
"1062Z",1702,0.2822
"1062Z",1903,0.0021
"1062Z",2303,0.1449
"1071A",1905,1
"1071C",1905,1
"1071D",1905,1
"1072Z",1905,1
"1073Z",1902,1
"1081Z",1701,0.6235
"1081Z",1702,0.2464
"1081Z",1703,0.0037
"1081Z",2303,0.1265
"1082Z",1802,0.0003
"1082Z",2006,0.0046
"1082Z",1805,0.0562
"1082Z",1704,0.0994
"1082Z",1804,0.1893
"1082Z",1806,0.5935
"1082Z",1803,0.0567
"1083Z",902,0.043
"1083Z",2101,0.1594
"1083Z",901,0.7976
"1084Z",2103,0.5008
"1084Z",910,0.0717
"1084Z",909,0.0104
"1084Z",2501,0.124
"1084Z",905,0.1409
"1084Z",906,0.0141
"1084Z",904,0.0786
"1084Z",2209,0.0492
"1084Z",908,0.0068
"1084Z",907,0.0036
"1085Z",2106,0.883
"1085Z",1902,0.117
"1086Z",1602,0.1593
"1086Z",2007,0.1111
"1086Z",2005,0.1359
"1086Z",2104,0.0432
"1086Z",1901,0.5506
"1089Z",1702,0.102
"1089Z",1302,0.0555
"1089Z",407,0.0327
"1089Z",3502,0.0133
"1089Z",408,0.0178
"1089Z",1901,0.3731
"1089Z",1603,0.0047
"1089Z",2106,0.3259
"1089Z",2102,0.0457
"1089Z",2104,0.0292
"1091Z",1214,0.0443
"1091Z",2309,0.9557
"1092Z",2309,1
"1101Z",2208,1
"1102A",2204,1
"1102B",2204,0.9997
"1102B",2307,0.0003
"1920Z",2710,0.7536
"1920Z",2713,0.0242
"1920Z",2701,0.0017
"1920Z",2712,0.0058
"1920Z",2711,0.2146
"1920Z",2702,0.0001
"1910Z",2704,0.2311
"1910Z",2706,0.7609
"1910Z",2708,0.0079
"2899B",8419,0.2122
"2899B",8440,0.0018
"2899B",9031,0.1758
"2899B",8442,0.0055
"2899B",8401,0.038
"2899B",8805,0.0044
"2899B",8443,0.1284
"2899B",8466,0.0755
"2899B",8474,0.0639
"2899B",8475,0.0124
"2899B",8479,0.2754
"2899B",8486,0.0001
"2899B",9508,0.0067
"2652Z",9101,0.4388
"2652Z",9102,0.3901
"2652Z",9103,0.0041
"2652Z",9105,0.0124
"2652Z",9106,0.0251
"2652Z",9108,0.0167
"2652Z",9109,0.0002
"2652Z",9110,0.0012
"2652Z",9111,0.0253
"2652Z",9112,0.0004
"2652Z",9114,0.0592
"2652Z",9104,0.012
"2652Z",9107,0.0144
"2620Z",8523,0.1563
"2620Z",8473,0.3003
"2620Z",8443,0.1229
"2620Z",8471,0.3135
"2620Z",8528,0.107
"2630Z",8531,0.0767
"2630Z",8525,0.738
"2630Z",8519,0.0035
"2630Z",8517,0.074
"2630Z",8529,0.1078
"2640Z",8522,0.006
"2640Z",8517,0.059
"2640Z",8519,0.0028
"2640Z",8521,0.0438
"2640Z",8528,0.0943
"2640Z",8529,0.086
"2640Z",8518,0.0726
"2640Z",8527,0.0136
"2640Z",9504,0.0336
"2640Z",8525,0.5882
"2651A",8526,0.5651
"2651A",9014,0.4349
"3521Z",2705,1
"3511Z",2716,1
"3700Z",3825,1
"3811Z",8109,0.0194
"3811Z",8112,0.0223
"3811Z",2619,0.0046
"3811Z",4401,0.0213
"3811Z",8908,0.0055
"3811Z",3915,0.0256
"3811Z",7802,0.0098
"3811Z",8002,0.0007
"3811Z",5505,0.0012
"3811Z",4012,0.0256
"3811Z",4004,0.0015
"3811Z",7902,0.0205
"3811Z",5003,0.0001
"3811Z",7602,0.0907
"3811Z",7503,0.0059
"3811Z",7404,0.1592
"3811Z",5202,0.0023
"3811Z",7001,0.0024
"3811Z",7112,0.0571
"3811Z",8101,0.0057
"3811Z",5103,0.0002
"3811Z",4115,0.0001
"3811Z",8102,0.0006
"3811Z",8103,0.0013
"3811Z",2618,0.0042
"3811Z",8104,0.0017
"3811Z",8105,0.0095
"3811Z",8107,0.0003
"3811Z",7204,0.3604
"3811Z",3825,0.0001
"3811Z",8108,0.0372
"3811Z",4707,0.0565
"3811Z",2620,0.047
"3832Z",8110,0.0038
"3832Z",8112,0.9962
"3821Z",2621,1
"3821Z",3825,0.0001
"3812Z",3006,0.0489
"3812Z",8548,0.0081
"3812Z",3825,0.0001
"3812Z",2710,0.88
"3812Z",2844,0.063
"5920Z",8523,0.9983
"5920Z",4904,0.0017
"5911B",3706,0.0005
"5911B",8523,0.9995
"5911C",3706,0.0005
"5911C",8523,0.9995
"5811Z",4903,0.0053
"5811Z",4905,0.0111
"5811Z",4901,0.9836
"5813Z",4902,1
"5814Z",4902,1
"5819Z",4908,0.0301
"5819Z",4911,0.8263
"5819Z",4907,0.1026
"5819Z",4909,0.0329
"5819Z",4910,0.0081
"5829A",8523,1
"5911A",8523,0.9995
"5911A",3706,0.0005
"7111Z",4906,1
"7420Z",3704,0.0421
"7420Z",3705,0.9579
"9003A",9703,0.1837
"9003A",9702,0.0197
"9003A",9701,0.7966
"9102Z",9704,0.0087
"9102Z",9706,0.6526
"9102Z",9705,0.3387
"9602A",501,1
